{"cameraMode":{"drawMode":0,"name":"Shaded","section":"Shading Mode"},"sceneLighting":true,"audioPlay":false,"sceneViewState":{"m_AlwaysRefresh":false,"showFog":true,"showSkybox":true,"showFlares":true,"showImageEffects":true,"showParticleSystems":true,"showVisualEffectGraphs":true,"m_FxEnabled":true},"in2DMode":false,"pivot":{"x":0.25733453035354617,"y":0.42217472195625307,"z":0.26471948623657229},"rotation":{"x":0.000011249892850173637,"y":0.9999707937240601,"z":-0.0014999574050307274,"w":0.007499921601265669},"size":5.062069416046143,"orthographic":true}