{"cameraMode":{"drawMode":0,"name":"Shaded","section":"Shading Mode"},"sceneLighting":true,"audioPlay":false,"sceneViewState":{"m_AlwaysRefresh":false,"showFog":true,"showSkybox":true,"showFlares":true,"showImageEffects":true,"showParticleSystems":true,"showVisualEffectGraphs":true,"m_FxEnabled":true},"in2DMode":false,"pivot":{"x":30.857343673706056,"y":60.321739196777347,"z":3.8706002235412599},"rotation":{"x":0.3881288766860962,"y":-0.4582854211330414,"z":0.23251380026340486,"w":0.7650408148765564},"size":-0.0058941105380654339,"orthographic":false}